trial_id,source,arm,scenario,seed,severity,participant_id,participant_name,age_group,gender,ai_familiarity,rounds_completed,survived,final_resource,society_gini,alliance_count,gather_rate,share_rate,hoard_rate,skip_rate,communicate_rate,total_shared,stock_claims_count,deceptive_claims_count,deception_rate,mean_latency_ms,society_survival_rate,created_at
calm_human_pilot_000,human,human,calm,0,0.0,P0000,,,,,10,1,6.0,0.4117647058823529,2,0.7,0.2,0.0,0.0,0.1,6.0,1,0,0.0,2450.0,1.0,2026-10-06T04:31:43.959755+00:00
calm_human_pilot_001,human,human,calm,1,0.0,P0001,,,,,10,1,3.0,0.3560606060606061,1,0.6,0.3,0.0,0.0,0.1,9.0,1,0,0.0,2450.0,1.0,2026-10-06T04:31:43.965040+00:00
calm_human_pilot_002,human,human,calm,2,0.0,P0002,,,,,10,1,4.0,0.4842105263157895,0,0.7,0.2,0.0,0.0,0.1,6.0,1,0,0.0,2450.0,0.8,2026-10-06T04:31:43.970795+00:00
calm_human_pilot_003,human,human,calm,3,0.0,P0003,,,,,10,1,3.0,0.39705882352941174,1,0.6,0.3,0.0,0.0,0.1,8.0,1,0,0.0,2450.0,1.0,2026-10-06T04:31:43.973994+00:00
calm_human_pilot_004,human,human,calm,4,0.0,P0004,,,,,10,1,5.0,0.36764705882352944,0,0.7,0.2,0.0,0.0,0.1,6.0,1,0,0.0,2450.0,1.0,2026-10-06T04:31:43.978887+00:00
drought_human_003_e49479,human,human,drought,3,0.5,PAB87,,,,,5,0,-2.0,0.44565217391304346,0,0.2,0.6,0.2,0.0,0.0,8.0,3,0,0.0,5474.4,0.75,2026-10-06T04:34:47.772934+00:00
drought_human_2fd3bc,human,human,drought,0,0.7,P0713,,,,,1,1,6.0,0.0,0,1.0,0.0,0.0,0.0,0.0,0.0,0,0,0.0,0.0,1.0,2026-09-17T17:44:37.363442+00:00
drought_human_5624e2,human,human,drought,0,0.7,P4601,,,,,10,0,-1.0,0.0,0,0.5,0.1,0.2,0.1,0.0,3.0,1,1,1.0,0.0,0.0,2026-09-18T03:46:07.303801+00:00
drought_human_67d11f,human,human,drought,0,0.7,PD3ED,,,,,10,1,13.0,0.0,0,1.0,0.0,0.0,0.0,0.0,0.0,0,0,0.0,0.0,1.0,2026-09-17T17:46:28.224058+00:00
drought_human_77d2cb,human,human,drought,0,0.7,P3CD7,,,,,10,0,-1.0,0.0,0,0.5,0.1,0.2,0.1,0.0,3.0,1,1,1.0,0.0,0.0,2026-09-18T04:40:28.013674+00:00
drought_human_90f2ff,human,human,drought,0,0.7,PE9A6,,,,,3,0,-2.0,0.0,0,0.0,0.3333333333333333,0.3333333333333333,0.0,0.0,3.0,0,0,0.0,0.0,0.0,2026-09-17T17:43:20.838451+00:00
drought_human_b4584d,human,human,drought,0,0.7,PD4C7,,,,,4,0,-1.0,0.0,0,0.25,0.25,0.25,0.0,0.0,3.0,1,1,1.0,0.0,0.0,2026-09-09T17:01:14.320081+00:00
drought_human_c2b86b,human,human,drought,0,0.7,P29E6,,,,,1,1,6.0,0.0,0,1.0,0.0,0.0,0.0,0.0,0.0,0,0,0.0,0.0,1.0,2026-09-17T17:44:51.135299+00:00
drought_human_dd832a,human,human,drought,0,0.7,P5E9F,,,,,4,0,-1.0,0.0,0,0.25,0.25,0.25,0.0,0.0,3.0,0,0,0.0,0.0,0.0,2026-09-02T06:07:41.090951+00:00
drought_human_pilot_000,human,human,drought,0,0.7,P0000,,,,,10,1,7.0,0.31666666666666665,2,0.7,0.1,0.1,0.0,0.1,3.0,1,0,0.0,2450.0,1.0,2026-10-06T04:31:43.984066+00:00
drought_human_pilot_001,human,human,drought,1,0.7,P0001,,,,,10,1,5.0,0.25,1,0.6,0.2,0.1,0.0,0.1,5.0,1,0,0.0,2450.0,1.0,2026-10-06T04:31:43.987658+00:00
drought_human_pilot_002,human,human,drought,2,0.7,P0002,,,,,10,1,6.0,0.4888888888888889,0,0.7,0.1,0.1,0.0,0.1,3.0,1,0,0.0,2450.0,0.8,2026-10-06T04:31:43.992626+00:00
drought_human_pilot_003,human,human,drought,3,0.7,P0003,,,,,10,1,5.0,0.3125,1,0.6,0.2,0.1,0.0,0.1,5.0,1,0,0.0,2450.0,1.0,2026-10-06T04:31:43.997831+00:00
drought_human_pilot_004,human,human,drought,4,0.7,P0004,,,,,10,1,7.0,0.28125,0,0.7,0.1,0.1,0.0,0.1,3.0,1,0,0.0,2450.0,1.0,2026-10-06T04:31:44.003173+00:00
repeated_trust_human_pilot_000,human,human,repeated_trust,0,0.0,P0000,,,,,30,1,3.0,0.4691780821917808,2,0.7,0.26666666666666666,0.0,0.0,0.03333333333333333,24.0,1,0,0.0,2450.0,1.0,2026-10-06T04:31:44.007701+00:00
repeated_trust_human_pilot_001,human,human,repeated_trust,1,0.0,P0001,,,,,30,1,5.0,0.41901408450704225,2,0.7,0.26666666666666666,0.0,0.0,0.03333333333333333,24.0,1,0,0.0,2450.0,1.0,2026-10-06T04:31:44.018098+00:00
repeated_trust_human_pilot_002,human,human,repeated_trust,2,0.0,P0002,,,,,30,1,6.0,0.5071428571428571,1,0.7333333333333333,0.23333333333333334,0.0,0.0,0.03333333333333333,20.0,1,0,0.0,2450.0,1.0,2026-10-06T04:31:44.025574+00:00
repeated_trust_human_pilot_003,human,human,repeated_trust,3,0.0,P0003,,,,,30,1,3.0,0.43666666666666665,2,0.6666666666666666,0.3,0.0,0.0,0.03333333333333333,26.0,1,0,0.0,2450.0,1.0,2026-10-06T04:31:44.033278+00:00
repeated_trust_human_pilot_004,human,human,repeated_trust,4,0.0,P0004,,,,,30,1,5.0,0.4318181818181818,2,0.7,0.26666666666666666,0.0,0.0,0.03333333333333333,24.0,1,0,0.0,2450.0,1.0,2026-10-06T04:31:44.040533+00:00
calm_ai_cooperator_000_000,ai,scripted,calm,0,,A1,,,,,10,1,5.0,0.19047619047619047,4,0.6,0.4,0.0,0.0,0.0,10.0,0,0,0.0,0.0,1.0,2026-10-06T04:32:02.878300+00:00
calm_ai_cooperator_001_001,ai,scripted,calm,1,,A1,,,,,10,1,4.0,0.15555555555555556,5,0.6,0.4,0.0,0.0,0.0,10.0,0,0,0.0,0.0,1.0,2026-10-06T04:32:02.884730+00:00
calm_ai_cooperator_002_002,ai,scripted,calm,2,,A1,,,,,10,1,2.0,0.2,5,0.6,0.4,0.0,0.0,0.0,10.0,0,0,0.0,0.0,1.0,2026-10-06T04:32:02.891605+00:00
calm_ai_cooperator_003_003,ai,scripted,calm,3,,A1,,,,,10,1,3.0,0.11428571428571428,5,0.6,0.4,0.0,0.0,0.0,11.0,0,0,0.0,0.0,1.0,2026-10-06T04:32:02.897477+00:00
calm_ai_cooperator_004_004,ai,scripted,calm,4,,A1,,,,,10,1,3.0,0.26666666666666666,8,0.6,0.4,0.0,0.0,0.0,9.0,0,0,0.0,0.0,1.0,2026-10-06T04:32:02.931121+00:00
calm_ai_free_rider_000_000,ai,scripted,calm,0,,A1,,,,,10,1,15.0,0.0,0,1.0,0.0,0.0,0.0,0.0,0.0,0,0,0.0,0.0,1.0,2026-10-06T04:32:03.261468+00:00
calm_ai_free_rider_001_001,ai,scripted,calm,1,,A1,,,,,10,1,15.0,0.0,0,1.0,0.0,0.0,0.0,0.0,0.0,0,0,0.0,0.0,1.0,2026-10-06T04:32:03.268142+00:00
calm_ai_free_rider_002_002,ai,scripted,calm,2,,A1,,,,,10,1,15.0,0.0,0,1.0,0.0,0.0,0.0,0.0,0.0,0,0,0.0,0.0,1.0,2026-10-06T04:32:03.303162+00:00
calm_ai_free_rider_003_003,ai,scripted,calm,3,,A1,,,,,10,1,15.0,0.0,0,1.0,0.0,0.0,0.0,0.0,0.0,0,0,0.0,0.0,1.0,2026-10-06T04:32:03.307462+00:00
calm_ai_free_rider_004_004,ai,scripted,calm,4,,A1,,,,,10,1,15.0,0.0,0,1.0,0.0,0.0,0.0,0.0,0.0,0,0,0.0,0.0,1.0,2026-10-06T04:32:03.312691+00:00
calm_ai_random_000_000,ai,scripted,calm,0,,A1,,,,,4,0,-1.0,0.0,0,0.25,0.25,0.0,0.5,0.0,3.0,0,0,0.0,0.0,1.0,2026-10-06T04:32:02.498756+00:00
calm_ai_random_001_001,ai,scripted,calm,1,,A1,,,,,7,0,-2.0,0.25,0,0.2857142857142857,0.14285714285714285,0.2857142857142857,0.2857142857142857,0.0,3.0,0,0,0.0,0.0,1.0,2026-10-06T04:32:02.503132+00:00
calm_ai_random_002_002,ai,scripted,calm,2,,A1,,,,,8,0,-1.0,0.5,1,0.375,0.0,0.125,0.5,0.0,0.0,0,0,0.0,0.0,1.0,2026-10-06T04:32:02.508186+00:00
calm_ai_random_003_003,ai,scripted,calm,3,,A1,,,,,5,0,-2.0,0.5,1,0.0,0.2,0.4,0.4,0.0,2.0,0,0,0.0,0.0,1.0,2026-10-06T04:32:02.542406+00:00
calm_ai_random_004_004,ai,scripted,calm,4,,A1,,,,,10,1,4.0,0.5,1,0.6,0.2,0.1,0.1,0.0,6.0,0,0,0.0,0.0,1.0,2026-10-06T04:32:02.545707+00:00
calm_ai_tit_for_tat_000_000,ai,scripted,calm,0,,A1,,,,,10,1,12.0,0.02666666666666667,0,0.9,0.1,0.0,0.0,0.0,2.0,0,0,0.0,0.0,1.0,2026-10-06T04:32:03.646251+00:00
calm_ai_tit_for_tat_001_001,ai,scripted,calm,1,,A1,,,,,10,1,12.0,0.04,0,0.9,0.1,0.0,0.0,0.0,2.0,0,0,0.0,0.0,1.0,2026-10-06T04:32:03.669841+00:00
calm_ai_tit_for_tat_002_002,ai,scripted,calm,2,,A1,,,,,10,1,12.0,0.04,1,0.9,0.1,0.0,0.0,0.0,2.0,0,0,0.0,0.0,1.0,2026-10-06T04:32:03.676814+00:00
calm_ai_tit_for_tat_003_003,ai,scripted,calm,3,,A1,,,,,10,1,9.0,0.15757575757575756,4,0.8,0.2,0.0,0.0,0.0,5.0,0,0,0.0,0.0,1.0,2026-10-06T04:32:03.682783+00:00
calm_ai_tit_for_tat_004_004,ai,scripted,calm,4,,A1,,,,,10,1,12.0,0.02666666666666667,1,0.9,0.1,0.0,0.0,0.0,2.0,0,0,0.0,0.0,1.0,2026-10-06T04:32:03.688170+00:00
drought_ai_cooperator_000_000,ai,scripted,drought,0,,A1,,,,,10,1,5.0,0.1111111111111111,3,0.6,0.4,0.0,0.0,0.0,10.0,0,0,0.0,0.0,1.0,2026-10-06T04:32:04.391281+00:00
drought_ai_cooperator_001_001,ai,scripted,drought,1,,A1,,,,,10,1,4.0,0.2,4,0.6,0.4,0.0,0.0,0.0,10.0,0,0,0.0,0.0,1.0,2026-10-06T04:32:04.397284+00:00
drought_ai_cooperator_002_002,ai,scripted,drought,2,,A1,,,,,10,1,4.0,0.12727272727272726,2,0.7,0.3,0.0,0.0,0.0,8.0,0,0,0.0,0.0,1.0,2026-10-06T04:32:04.405470+00:00
drought_ai_cooperator_003_003,ai,scripted,drought,3,,A1,,,,,10,1,5.0,0.2,5,0.7,0.3,0.0,0.0,0.0,8.0,0,0,0.0,0.0,1.0,2026-10-06T04:32:04.412735+00:00
drought_ai_cooperator_004_004,ai,scripted,drought,4,,A1,,,,,10,1,5.0,0.15555555555555556,7,0.7,0.3,0.0,0.0,0.0,7.0,0,0,0.0,0.0,1.0,2026-10-06T04:32:04.417494+00:00
drought_ai_free_rider_000_000,ai,scripted,drought,0,,A1,,,,,10,1,13.0,0.0,0,1.0,0.0,0.0,0.0,0.0,0.0,0,0,0.0,0.0,1.0,2026-10-06T04:32:04.742901+00:00
drought_ai_free_rider_001_001,ai,scripted,drought,1,,A1,,,,,10,1,13.0,0.0,0,1.0,0.0,0.0,0.0,0.0,0.0,0,0,0.0,0.0,1.0,2026-10-06T04:32:04.776840+00:00
drought_ai_free_rider_002_002,ai,scripted,drought,2,,A1,,,,,10,1,13.0,0.0,0,1.0,0.0,0.0,0.0,0.0,0.0,0,0,0.0,0.0,1.0,2026-10-06T04:32:04.782108+00:00
drought_ai_free_rider_003_003,ai,scripted,drought,3,,A1,,,,,10,1,13.0,0.0,0,1.0,0.0,0.0,0.0,0.0,0.0,0,0,0.0,0.0,1.0,2026-10-06T04:32:04.787255+00:00
drought_ai_free_rider_004_004,ai,scripted,drought,4,,A1,,,,,10,1,13.0,0.0,0,1.0,0.0,0.0,0.0,0.0,0.0,0,0,0.0,0.0,1.0,2026-10-06T04:32:04.792411+00:00
drought_ai_random_000_000,ai,scripted,drought,0,,A1,,,,,4,0,-1.0,0.0,0,0.25,0.25,0.0,0.5,0.0,3.0,0,0,0.0,0.0,1.0,2026-10-06T04:32:04.020819+00:00
drought_ai_random_001_001,ai,scripted,drought,1,,A1,,,,,7,0,-2.0,0.0,0,0.2857142857142857,0.14285714285714285,0.2857142857142857,0.2857142857142857,0.0,3.0,0,0,0.0,0.0,1.0,2026-10-06T04:32:04.055870+00:00
drought_ai_random_002_002,ai,scripted,drought,2,,A1,,,,,8,0,-1.0,0.5,1,0.375,0.0,0.125,0.5,0.0,0.0,0,0,0.0,0.0,1.0,2026-10-06T04:32:04.061378+00:00
drought_ai_random_003_003,ai,scripted,drought,3,,A1,,,,,5,0,-2.0,0.5,1,0.0,0.2,0.4,0.4,0.0,2.0,0,0,0.0,0.0,1.0,2026-10-06T04:32:04.066480+00:00
drought_ai_random_004_004,ai,scripted,drought,4,,A1,,,,,10,1,2.0,0.5,1,0.6,0.2,0.1,0.1,0.0,6.0,0,0,0.0,0.0,1.0,2026-10-06T04:32:04.071214+00:00
drought_ai_tit_for_tat_000_000,ai,scripted,drought,0,,A1,,,,,10,1,10.0,0.032,0,0.9,0.1,0.0,0.0,0.0,2.0,0,0,0.0,0.0,1.0,2026-10-06T04:32:05.124808+00:00
drought_ai_tit_for_tat_001_001,ai,scripted,drought,1,,A1,,,,,10,1,10.0,0.048,0,0.9,0.1,0.0,0.0,0.0,2.0,0,0,0.0,0.0,1.0,2026-10-06T04:32:05.129811+00:00
drought_ai_tit_for_tat_002_002,ai,scripted,drought,2,,A1,,,,,10,1,10.0,0.048,1,0.9,0.1,0.0,0.0,0.0,2.0,0,0,0.0,0.0,1.0,2026-10-06T04:32:05.135256+00:00
drought_ai_tit_for_tat_003_003,ai,scripted,drought,3,,A1,,,,,10,1,7.0,0.025806451612903226,2,0.8,0.2,0.0,0.0,0.0,5.0,0,0,0.0,0.0,1.0,2026-10-06T04:32:05.170294+00:00
drought_ai_tit_for_tat_004_004,ai,scripted,drought,4,,A1,,,,,10,1,10.0,0.032,1,0.9,0.1,0.0,0.0,0.0,2.0,0,0,0.0,0.0,1.0,2026-10-06T04:32:05.174002+00:00
repeated_trust_ai_cooperator_000_000,ai,scripted,repeated_trust,0,,A1,,,,,30,1,4.0,0.16842105263157894,9,0.6333333333333333,0.36666666666666664,0.0,0.0,0.0,29.0,0,0,0.0,0.0,1.0,2026-10-06T04:32:05.851836+00:00
repeated_trust_ai_cooperator_001_001,ai,scripted,repeated_trust,1,,A1,,,,,30,1,4.0,0.18947368421052632,10,0.6333333333333333,0.36666666666666664,0.0,0.0,0.0,29.0,0,0,0.0,0.0,1.0,2026-10-06T04:32:05.892976+00:00
repeated_trust_ai_cooperator_002_002,ai,scripted,repeated_trust,2,,A1,,,,,30,1,4.0,0.042105263157894736,10,0.6333333333333333,0.36666666666666664,0.0,0.0,0.0,29.0,0,0,0.0,0.0,1.0,2026-10-06T04:32:05.902487+00:00
repeated_trust_ai_cooperator_003_003,ai,scripted,repeated_trust,3,,A1,,,,,30,1,3.0,0.225,10,0.6,0.4,0.0,0.0,0.0,31.0,0,0,0.0,0.0,1.0,2026-10-06T04:32:05.913445+00:00
repeated_trust_ai_cooperator_004_004,ai,scripted,repeated_trust,4,,A1,,,,,30,1,5.0,0.10526315789473684,10,0.6333333333333333,0.36666666666666664,0.0,0.0,0.0,28.0,0,0,0.0,0.0,1.0,2026-10-06T04:32:05.923535+00:00
repeated_trust_ai_free_rider_000_000,ai,scripted,repeated_trust,0,,A1,,,,,30,1,0.308399207433002,0.0,0,0.5,0.0,0.5,0.0,0.0,0.0,0,0,0.0,0.0,1.0,2026-10-06T04:32:06.254920+00:00
repeated_trust_ai_free_rider_001_001,ai,scripted,repeated_trust,1,,A1,,,,,30,1,0.308399207433002,0.0,0,0.5,0.0,0.5,0.0,0.0,0.0,0,0,0.0,0.0,1.0,2026-10-06T04:32:06.264036+00:00
repeated_trust_ai_free_rider_002_002,ai,scripted,repeated_trust,2,,A1,,,,,30,1,0.308399207433002,0.0,0,0.5,0.0,0.5,0.0,0.0,0.0,0,0,0.0,0.0,1.0,2026-10-06T04:32:06.304449+00:00
repeated_trust_ai_free_rider_003_003,ai,scripted,repeated_trust,3,,A1,,,,,30,1,0.308399207433002,0.0,0,0.5,0.0,0.5,0.0,0.0,0.0,0,0,0.0,0.0,1.0,2026-10-06T04:32:06.314009+00:00
repeated_trust_ai_free_rider_004_004,ai,scripted,repeated_trust,4,,A1,,,,,30,1,0.308399207433002,0.0,0,0.5,0.0,0.5,0.0,0.0,0.0,0,0,0.0,0.0,1.0,2026-10-06T04:32:06.324133+00:00
repeated_trust_ai_random_000_000,ai,scripted,repeated_trust,0,,A1,,,,,4,0,-1.0,0.0,0,0.25,0.25,0.0,0.5,0.0,3.0,0,0,0.0,0.0,0.0,2026-10-06T04:32:05.506536+00:00
repeated_trust_ai_random_001_001,ai,scripted,repeated_trust,1,,A1,,,,,7,0,-2.0,0.0,0,0.2857142857142857,0.14285714285714285,0.2857142857142857,0.2857142857142857,0.0,3.0,0,0,0.0,0.0,0.0,2026-10-06T04:32:05.513204+00:00
repeated_trust_ai_random_002_002,ai,scripted,repeated_trust,2,,A1,,,,,8,0,-1.0,0.0,1,0.375,0.0,0.125,0.5,0.0,0.0,0,0,0.0,0.0,0.0,2026-10-06T04:32:05.519606+00:00
repeated_trust_ai_random_003_003,ai,scripted,repeated_trust,3,,A1,,,,,5,0,-2.0,0.0,1,0.0,0.2,0.4,0.4,0.0,2.0,0,0,0.0,0.0,0.0,2026-10-06T04:32:05.524995+00:00
repeated_trust_ai_random_004_004,ai,scripted,repeated_trust,4,,A1,,,,,21,0,-1.0,0.0,1,0.47619047619047616,0.09523809523809523,0.2857142857142857,0.14285714285714285,0.0,6.0,0,0,0.0,0.0,0.0,2026-10-06T04:32:05.529831+00:00
repeated_trust_ai_tit_for_tat_000_000,ai,scripted,repeated_trust,0,,A1,,,,,23,0,-0.691600792566998,0.0,0,0.9565217391304348,0.043478260869565216,0.0,0.0,0.0,2.0,0,0,0.0,0.0,0.0,2026-10-06T04:32:06.651594+00:00
repeated_trust_ai_tit_for_tat_001_001,ai,scripted,repeated_trust,1,,A1,,,,,23,0,-0.691600792566998,0.0,0,0.9565217391304348,0.043478260869565216,0.0,0.0,0.0,2.0,0,0,0.0,0.0,0.0,2026-10-06T04:32:06.691327+00:00
repeated_trust_ai_tit_for_tat_002_002,ai,scripted,repeated_trust,2,,A1,,,,,23,0,-0.691600792566998,0.0,1,0.9565217391304348,0.043478260869565216,0.0,0.0,0.0,2.0,0,0,0.0,0.0,0.0,2026-10-06T04:32:06.699034+00:00
repeated_trust_ai_tit_for_tat_003_003,ai,scripted,repeated_trust,3,,A1,,,,,30,1,1.8717277417844702,0.3232876716778749,10,0.7333333333333333,0.26666666666666666,0.0,0.0,0.0,23.0,0,0,0.0,0.0,1.0,2026-10-06T04:32:06.707253+00:00
repeated_trust_ai_tit_for_tat_004_004,ai,scripted,repeated_trust,4,,A1,,,,,23,0,-0.691600792566998,0.0,1,0.9565217391304348,0.043478260869565216,0.0,0.0,0.0,2.0,0,0,0.0,0.0,0.0,2026-10-06T04:32:06.716233+00:00
