trial_id,source,arm,scenario,seed,severity,focal_id,rounds_survived,survived,final_resource,gather_rate,share_rate,hoard_rate,skip_rate,communicate_rate,total_shared,stock_claims_count,deceptive_claims_count,deception_rate,mean_latency_ms,society_survival_rate,society_gini,alliance_count
calm_human_pilot_000,human,human,calm,0,0.0,P0000,10,1,6.0,0.7,0.2,0.0,0.0,0.1,6.0,1,0,0.0,2450.0,1.0,0.4117647058823529,2
calm_human_pilot_001,human,human,calm,1,0.0,P0001,10,1,3.0,0.6,0.3,0.0,0.0,0.1,9.0,1,0,0.0,2450.0,1.0,0.3560606060606061,1
calm_human_pilot_002,human,human,calm,2,0.0,P0002,10,1,4.0,0.7,0.2,0.0,0.0,0.1,6.0,1,0,0.0,2450.0,0.8,0.4842105263157895,0
calm_human_pilot_003,human,human,calm,3,0.0,P0003,10,1,3.0,0.6,0.3,0.0,0.0,0.1,8.0,1,0,0.0,2450.0,1.0,0.39705882352941174,1
calm_human_pilot_004,human,human,calm,4,0.0,P0004,10,1,5.0,0.7,0.2,0.0,0.0,0.1,6.0,1,0,0.0,2450.0,1.0,0.36764705882352944,0
drought_human_2fd3bc,human,human,drought,0,0.7,P0713,1,1,6,1.0,0.0,0.0,0.0,0.0,0.0,0,0,0.0,0.0,1.0,0.0,0
drought_human_5624e2,human,human,drought,0,0.7,P4601,9,0,-1,0.5,0.1,0.2,0.1,0.0,3.0,1,1,1.0,0.0,0.0,0.0,0
drought_human_67d11f,human,human,drought,0,0.7,PD3ED,10,1,13,1.0,0.0,0.0,0.0,0.0,0.0,0,0,0.0,0.0,1.0,0.0,0
drought_human_77d2cb,human,human,drought,0,0.7,P3CD7,9,0,-1,0.5,0.1,0.2,0.1,0.0,3.0,1,1,1.0,0.0,0.0,0.0,0
drought_human_90f2ff,human,human,drought,0,0.7,PE9A6,2,0,-2,0.0,0.3333333333333333,0.3333333333333333,0.0,0.0,3.0,0,0,0.0,0.0,0.0,0.0,0
drought_human_b4584d,human,human,drought,0,0.7,PD4C7,3,0,-1,0.25,0.25,0.25,0.0,0.0,3.0,1,1,1.0,0.0,0.0,0.0,0
drought_human_c2b86b,human,human,drought,0,0.7,P29E6,1,1,6,1.0,0.0,0.0,0.0,0.0,0.0,0,0,0.0,0.0,1.0,0.0,0
drought_human_dd832a,human,human,drought,0,0.7,P5E9F,3,0,-1,0.25,0.25,0.25,0.0,0.0,3.0,0,0,0.0,0.0,0.0,0.0,0
drought_human_pilot_000,human,human,drought,0,0.7,P0000,10,1,7.0,0.7,0.1,0.1,0.0,0.1,3.0,1,0,0.0,2450.0,1.0,0.31666666666666665,2
drought_human_pilot_001,human,human,drought,1,0.7,P0001,10,1,5.0,0.6,0.2,0.1,0.0,0.1,5.0,1,0,0.0,2450.0,1.0,0.25,1
drought_human_pilot_002,human,human,drought,2,0.7,P0002,10,1,6.0,0.7,0.1,0.1,0.0,0.1,3.0,1,0,0.0,2450.0,0.8,0.4888888888888889,0
drought_human_pilot_003,human,human,drought,3,0.7,P0003,10,1,5.0,0.6,0.2,0.1,0.0,0.1,5.0,1,0,0.0,2450.0,1.0,0.3125,1
drought_human_pilot_004,human,human,drought,4,0.7,P0004,10,1,7.0,0.7,0.1,0.1,0.0,0.1,3.0,1,0,0.0,2450.0,1.0,0.28125,0
repeated_trust_human_pilot_000,human,human,repeated_trust,0,0.0,P0000,30,1,3.0,0.7,0.26666666666666666,0.0,0.0,0.03333333333333333,24.0,1,0,0.0,2450.0,1.0,0.4691780821917808,2
repeated_trust_human_pilot_001,human,human,repeated_trust,1,0.0,P0001,30,1,5.0,0.7,0.26666666666666666,0.0,0.0,0.03333333333333333,24.0,1,0,0.0,2450.0,1.0,0.41901408450704225,2
repeated_trust_human_pilot_002,human,human,repeated_trust,2,0.0,P0002,30,1,6.0,0.7333333333333333,0.23333333333333334,0.0,0.0,0.03333333333333333,20.0,1,0,0.0,2450.0,1.0,0.5071428571428571,1
repeated_trust_human_pilot_003,human,human,repeated_trust,3,0.0,P0003,30,1,3.0,0.6666666666666666,0.3,0.0,0.0,0.03333333333333333,26.0,1,0,0.0,2450.0,1.0,0.43666666666666665,2
repeated_trust_human_pilot_004,human,human,repeated_trust,4,0.0,P0004,30,1,5.0,0.7,0.26666666666666666,0.0,0.0,0.03333333333333333,24.0,1,0,0.0,2450.0,1.0,0.4318181818181818,2
